{"accuracy": [0.3198660612106323, 0.5325993299484253, 0.6484442353248596, 0.729790985584259, 0.776479959487915, 0.8082336187362671, 0.8347854018211365, 0.8459869027137756, 0.855401337146759, 0.8681985139846802, 0.8759534358978271, 0.8823041319847107, 0.8903781771659851, 0.8915908932685852, 0.8945587873458862, 0.8991861939430237, 0.9022179841995239, 0.9061751961708069, 0.9099728465080261, 0.9128769636154175, 0.9138981699943542, 0.9182384014129639, 0.9196106791496277, 0.9195148944854736, 0.923280656337738, 0.9239508509635925, 0.9246848821640015, 0.9271422028541565, 0.9301100969314575, 0.92918461561203], "loss": [2.534083366394043, 1.468177080154419, 1.0869656801223755, 0.8404551148414612, 0.6989849209785461, 0.6021836400032043, 0.5285422205924988, 0.4967177212238312, 0.4684429168701172, 0.42686113715171814, 0.39904463291168213, 0.38895416259765625, 0.3569880723953247, 0.3510493338108063, 0.3477153480052948, 0.331826776266098, 0.3281102478504181, 0.30571457743644714, 0.300205796957016, 0.28789180517196655, 0.28906115889549255, 0.27433013916015625, 0.2667897939682007, 0.2715158462524414, 0.2531748414039612, 0.25487080216407776, 0.24650225043296814, 0.24128173291683197, 0.23405225574970245, 0.23572085797786713], "val_accuracy": [0.6198979616165161, 0.825382649898529, 0.8575255274772644, 0.8853316307067871, 0.9433673620223999, 0.9368622303009033, 0.9618622660636902, 0.937117338180542, 0.9732142686843872, 0.9678571224212646, 0.9718112349510193, 0.9776785969734192, 0.9772959351539612, 0.9741071462631226, 0.9744898080825806, 0.9790816307067871, 0.9692602157592773, 0.9764030575752258, 0.9737244844436646, 0.9825255274772644, 0.9862244725227356, 0.984948992729187, 0.9846938848495483, 0.9784438610076904, 0.984948992729187, 0.9892857074737549, 0.9843112230300903, 0.9885203838348389, 0.9887754917144775, 0.9900510311126709], "val_loss": [1.197529673576355, 0.5492063164710999, 0.4496378004550934, 0.31914976239204407, 0.18373119831085205, 0.2230902910232544, 0.12295909970998764, 0.20524992048740387, 0.08973368257284164, 0.11219140887260437, 0.08769790083169937, 0.06794362515211105, 0.08210553228855133, 0.08068418502807617, 0.08633028715848923, 0.0696459412574768, 0.10517532378435135, 0.0704711303114891, 0.07865263521671295, 0.06362278759479523, 0.04436490684747696, 0.049443408846855164, 0.048904672265052795, 0.06584580987691879, 0.0465116985142231, 0.035930830985307693, 0.050957124680280685, 0.04193682223558426, 0.03750986233353615, 0.036435823887586594]}