{"accuracy": [0.2030293345451355, 0.3750757873058319, 0.4469762146472931, 0.4996010959148407, 0.5389819741249084, 0.5692675709724426, 0.5914153456687927, 0.6185096502304077, 0.6299983859062195, 0.6459230780601501, 0.662677526473999, 0.6738152503967285, 0.6849529147148132, 0.6997287273406982, 0.704802930355072, 0.7116642594337463, 0.7217169404029846, 0.7302696704864502, 0.735950231552124, 0.7416626811027527, 0.7462900876998901, 0.7453646063804626, 0.7588319778442383, 0.764033854007721, 0.7645763754844666, 0.7698420286178589, 0.7782033085823059, 0.7801499962806702, 0.7813946008682251, 0.7828626036643982], "loss": [5.189926624298096, 3.6926522254943848, 2.873703956604004, 2.3835461139678955, 2.047935962677002, 1.8134098052978516, 1.6573892831802368, 1.5154637098312378, 1.4217026233673096, 1.3400055170059204, 1.2612477540969849, 1.2086535692214966, 1.1629453897476196, 1.1184312105178833, 1.0971946716308594, 1.0593351125717163, 1.0228042602539062, 0.9984394311904907, 0.9714120030403137, 0.9535667896270752, 0.9401358366012573, 0.9370636940002441, 0.8982458114624023, 0.8846142888069153, 0.8799235224723816, 0.8624252676963806, 0.8328856229782104, 0.8309356570243835, 0.8236368298530579, 0.8138419389724731], "val_accuracy": [0.38137754797935486, 0.48507651686668396, 0.5366071462631226, 0.5732142925262451, 0.5811224579811096, 0.5813775658607483, 0.6012755036354065, 0.6233418583869934, 0.6377550959587097, 0.6642857193946838, 0.6769132614135742, 0.6948979496955872, 0.7071428298950195, 0.6887755393981934, 0.7186224460601807, 0.7168367505073547, 0.7297194004058838, 0.717602014541626, 0.7448979616165161, 0.7434948682785034, 0.7438775300979614, 0.7505102157592773, 0.7520408034324646, 0.7659438848495483, 0.7714285850524902, 0.7613520622253418, 0.7549744844436646, 0.7723214030265808, 0.7843112349510193, 0.7890306115150452], "val_loss": [3.8766961097717285, 2.842350721359253, 2.270364761352539, 1.9041917324066162, 1.740394115447998, 1.6619961261749268, 1.5277001857757568, 1.3975999355316162, 1.289395809173584, 1.191323161125183, 1.1564128398895264, 1.0816779136657715, 1.0063732862472534, 1.0813554525375366, 0.9488381147384644, 0.9858193397521973, 0.9393585324287415, 0.9726438522338867, 0.8669837117195129, 0.8848487734794617, 0.8882746696472168, 0.8602694869041443, 0.8596682548522949, 0.8056994676589966, 0.7880105376243591, 0.8158443570137024, 0.8486897945404053, 0.793016254901886, 0.7519779205322266, 0.7351891398429871]}