{"accuracy": [0.42796555161476135, 0.6219562888145447, 0.6998244524002075, 0.748268723487854, 0.7781075239181519, 0.8016914129257202, 0.8189564347267151, 0.8341790437698364, 0.8438806533813477, 0.8549864292144775, 0.8644327521324158, 0.8660284280776978, 0.873879075050354, 0.8801978826522827, 0.8847614526748657, 0.8895165324211121, 0.8921014666557312, 0.8963459134101868, 0.8984841108322144, 0.900367021560669, 0.9046114683151245, 0.9043880701065063, 0.9080899953842163, 0.9111536741256714, 0.9126535654067993, 0.9155576825141907, 0.9162278771400452, 0.9186851978302002, 0.9229615330696106, 0.9196106791496277], "loss": [5.761280059814453, 3.3948373794555664, 2.2705979347229004, 1.6357591152191162, 1.2541660070419312, 1.0169204473495483, 0.8567813634872437, 0.7517056465148926, 0.6793861985206604, 0.621554970741272, 0.5723639130592346, 0.5506365895271301, 0.5098194479942322, 0.482455849647522, 0.4695233702659607, 0.4424738883972168, 0.43649399280548096, 0.42171138525009155, 0.41110852360725403, 0.3987392485141754, 0.384159117937088, 0.3894602358341217, 0.3736719787120819, 0.36690059304237366, 0.35722994804382324, 0.34974727034568787, 0.3431820571422577, 0.3346894681453705, 0.3220314383506775, 0.33052241802215576], "val_accuracy": [0.5955356955528259, 0.7030612230300903, 0.7461734414100647, 0.7797194123268127, 0.7910714149475098, 0.8054847121238708, 0.8233418464660645, 0.8338010311126709, 0.8488520383834839, 0.8710459470748901, 0.8610969185829163, 0.8741071224212646, 0.8817601799964905, 0.8906887769699097, 0.8869897723197937, 0.9014030694961548, 0.8956632614135742, 0.9113520383834839, 0.9034438729286194, 0.9089285731315613, 0.905102014541626, 0.9293367266654968, 0.9112244844436646, 0.9251275658607483, 0.9210458993911743, 0.9154336452484131, 0.9258928298950195, 0.9269132614135742, 0.9303571581840515, 0.9190050959587097], "val_loss": [4.070219039916992, 2.5854883193969727, 1.8060472011566162, 1.339968204498291, 1.1213219165802002, 0.962530255317688, 0.8078227639198303, 0.7296589016914368, 0.6382547616958618, 0.5569969415664673, 0.5788366198539734, 0.5089210867881775, 0.4800398647785187, 0.45334646105766296, 0.4503355324268341, 0.3895094096660614, 0.41094768047332764, 0.3781183958053589, 0.389634370803833, 0.3747311234474182, 0.39045250415802, 0.3042687773704529, 0.38686680793762207, 0.306759774684906, 0.3207278251647949, 0.3430768549442291, 0.3099193871021271, 0.3015957474708557, 0.2962137460708618, 0.32138925790786743]}